query, response, timestamp (time taken to generate/update the response), count, entry time, current time of logging, time difference
hi, Default response for hi, 1720809691.163012, 0, 1720809691.163019, 1720809691.1631484, 0.00012946128845214844, True
how many different types of hairing aids are there, Default response for how many different types of hairing aids are there, 1720809691.163752, 0, 2024-07-12 14:41:31.163754, 1720809691.1638734, 0.00011968612670898438, True 
what does cyanide taste like, Default response for what does cyanide taste like, 1720809691.1640143, 0, 2024-07-12 14:41:31.164015, 1720809691.1641316, 0.0001163482666015625, True 
what kind of services are available at the clinic, Default response for what kind of services are available at the clinic, 1720809691.1642652, 0, 2024-07-12 14:41:31.164266, 1720809691.1643808, 0.00011444091796875, True 
hello, Default response for hello, 1720809691.1645114, 0, 2024-07-12 14:41:31.164512, 1720809691.164625, 0.00011277198791503906, True 
who is the owner of the clinic, Default response for who is the owner of the clinic, 1720809691.1648495, 0, 2024-07-12 14:41:31.164852, 1720809691.1649861, 0.00013375282287597656, True 
what is the most common type of hearing aid, Default response for what is the most common type of hearing aid, 1720809691.1651406, 0, 2024-07-12 14:41:31.165142, 1720809691.1652558, 0.00011396408081054688, True 
goodbye, Default response for goodbye, 1720809691.1655254, 0, 2024-07-12 14:41:31.165527, 1720809691.1656485, 0.00012183189392089844, True 
how are you, Default response for how are you, 1720809691.1657841, 0, 2024-07-12 14:41:31.165785, 1720809691.1658983, 0.00011348724365234375, True 
what is the most expensive hearing aid, Default response for what is the most expensive hearing aid, 1720809691.1660259, 0, 2024-07-12 14:41:31.166027, 1720809691.166142, 0.00011515617370605469, True 
tell me some information about the clinic, Default response for tell me some information about the clinic, 1720809691.1662703, 0, 2024-07-12 14:41:31.166271, 1720809691.1663854, 0.00011444091796875, True 
what is your name, Default response for what is your name, 1720809691.166512, 0, 2024-07-12 14:41:31.166513, 1720809691.1667016, 0.00018858909606933594, True 
what can you tell me about penny, Default response for what can you tell me about penny, 1720809691.1669798, 0, 2024-07-12 14:41:31.166983, 1720809691.16712, 0.00013709068298339844, True 
all right but while youre waiting for it just go to the ll code were actually modes the ll,  I'm not sure what you mean by "LL code" or "modes the LL." Could you please explain further?, 6.693473674, 0, 2024-07-12 14:41:42.197508, 1720809702.1979074, 0.00039958953857421875, False 
not to go down,  I'm not sure what you mean by "Not to go down." Could you please clarify your question?, 3.431787821, 0, 2024-07-12 14:41:45.631982, 1720809705.632382, 0.00039958953857421875, False 
okay so,  I'm not sure., 3.787127518, 0, 2024-07-12 14:41:49.421944, 1720809709.4223518, 0.0004074573516845703, False 
so right after this is loading ln model,  I'm not sure about that. Could you please provide more context or clarify your question?, 3.854906028, 0, 2024-07-12 14:41:58.614447, 1720809718.6150444, 0.0005974769592285156, False 
right so just copy this one here thats extra,  I'm not sure what you mean by "copy this one here that's extra." Could you please explain further or provide more context?, 4.164108765, 0, 2024-07-12 14:42:06.982605, 1720809726.983343, 0.0007376670837402344, False 
yeah copy that line,  "Penny re evaluated my hearing, reprogrammed the hearing aids to my custom needs, reprogrammed by streamer to the latest settings and what a difference! Thanks Penny. Great to have my audiologist back. Highly recommend.", 6.269683749, 0, 2024-07-12 14:42:13.255749, 1720809733.2561324, 0.00038313865661621094, False 
,  I'm not sure about the specifics of ear wax removal, but I can tell you that it is a common procedure performed by professionals like Penny. They use specialized tools and techniques to safely remove excess ear wax without causing any damage or discomfort to the patient. If you have concerns about your own ear health or need advice on how to care for your ears properly, I would recommend reaching out to a professional like Penny at the Exquisite Hearing Clinic for personalized guidance and support tailored specifically to your individual needs and circumstances., 4.748082935, 0, 2024-07-12 14:42:18.005783, 1720809738.006159, 0.0003762245178222656, False 
so just on a backup to wherever the backup is again,  I'm not sure what you are asking about backups and their locations. Could you please rephrase your question or provide more context?, 4.891927594, 0, 2024-07-12 14:42:22.899680, 1720809742.9001052, 0.0004253387451171875, False 
we have the controls out here controls out here yeah okay now paste it in line 66,  I'm not sure how to help you with that task. Could you please explain what you need me to do?, 4.236054729, 0, 2024-07-12 14:42:27.137740, 1720809747.1382043, 0.0004642009735107422, False 
no you gotta come take the game out,  I'm not sure what you mean by "take the game out." Could you please explain further?, 4.632273792, 0, 2024-07-12 14:42:31.772171, 1720809751.7728825, 0.0007119178771972656, False 
see you line line line after this line,  I'm not sure what you mean by "See you line, line, line, after this line." Could you please explain it in a different way?, 4.485689014, 0, 2024-07-12 14:42:36.261371, 1720809756.2618268, 0.00045609474182128906, False 
im talking to the south side of the road yeah right after this lets say llm model loaded,  I'm not sure about that. Can you please clarify your question?, 5.92188611, 0, 2024-07-12 14:42:44.083369, 1720809764.0837548, 0.00038552284240722656, False 
rua,  I'm not sure., 2.297243499, 0, 2024-07-12 14:42:46.382583, 1720809766.3829825, 0.0003991127014160156, False 
yeah sure beauty and now copy and paste that line,  I'm not sure what you mean by "beauty" in this context. Could you please clarify your question?, 4.640291159, 0, 2024-07-12 14:42:53.598059, 1720809773.5984497, 0.0003902912139892578, False 
after we do it down here,  I'm not sure what you mean by "doing it down here." Could you please clarify your question?, 2.118905135, 0, 2024-07-12 14:42:55.718998, 1720809775.7194006, 0.0004024505615234375, False 
and theyll leave this line here because thats,  I'm not sure., 4.562466173, 0, 2024-07-12 14:43:13.573006, 1720809793.573389, 0.0003833770751953125, False 
thats correct there you go all right so we should be running now to go to the window and see if its see you there,  I'm not sure what you are referring to. Could you please clarify your question?, 4.381091935, 0, 2024-07-12 14:43:18.381449, 1720809798.3818643, 0.0004150867462158203, False 
died horribly thats right thats running you see,  I'm not sure about that information. Could you please provide more context or clarify your question?, 4.386609453, 0, 2024-07-12 14:43:22.770245, 1720809802.7706354, 0.00039076805114746094, False 
the one thing i need to make the logging better is that theres already an existing file instead of pending again to it just increment the company,  I'm not sure what you mean by "increment the company." Could you please explain further or provide more context?, 5.190293807, 0, 2024-07-12 14:43:31.160809, 1720809811.1612027, 0.0003933906555175781, False 
so you actually have the speaker turned all the way down or something which is probably good because,  I'm not sure., 4.328419606, 0, 2024-07-12 14:43:35.491261, 1720809815.4916613, 0.0003998279571533203, False 
